[{"flipbook_texture":"textures/blocks/fire_0","atlas_tile":"fire_0","frames":[0]},{"flipbook_texture":"textures/blocks/fire_1","atlas_tile":"fire_1","frames":[0]},{"flipbook_texture":"textures/blocks/water_still_grey","atlas_tile":"still_water_grey","frames":[0]},{"flipbook_texture":"textures/blocks/water_flow_grey","atlas_tile":"flowing_water_grey","frames":[0]},{"flipbook_texture":"textures/blocks/cauldron_water","atlas_tile":"cauldron_water","frames":[0]},{"flipbook_texture":"textures/blocks/lava_still","atlas_tile":"still_lava","frames":[0]},{"flipbook_texture":"textures/blocks/lava_flow","atlas_tile":"flowing_lava","frames":[0]},{"flipbook_texture":"textures/blocks/magma","atlas_tile":"magma","frames":[0]},{"flipbook_texture":"textures/blocks/bubble_column_outer_a","atlas_index":0,"atlas_tile_variant":0,"atlas_tile":"bubble_column_outer","frames":[0]},{"flipbook_texture":"textures/blocks/bubble_column_outer_b","atlas_index":1,"atlas_tile_variant":1,"atlas_tile":"bubble_column_outer","frames":[0]},{"flipbook_texture":"textures/blocks/bubble_column_outer_c","atlas_index":2,"atlas_tile_variant":2,"atlas_tile":"bubble_column_outer","frames":[0]},{"flipbook_texture":"textures/blocks/bubble_column_outer_d","atlas_index":3,"atlas_tile_variant":3,"atlas_tile":"bubble_column_outer","frames":[0]},{"flipbook_texture":"textures/blocks/bubble_column_outer_e","atlas_index":4,"atlas_tile_variant":4,"atlas_tile":"bubble_column_outer","frames":[0]},{"flipbook_texture":"textures/blocks/bubble_column_outer_f","atlas_index":5,"atlas_tile_variant":5,"atlas_tile":"bubble_column_outer","frames":[0]},{"flipbook_texture":"textures/blocks/bubble_column_outer_g","atlas_index":6,"atlas_tile_variant":6,"atlas_tile":"bubble_column_outer","frames":[0]},{"flipbook_texture":"textures/blocks/bubble_column_outer_h","atlas_index":7,"atlas_tile_variant":7,"atlas_tile":"bubble_column_outer","frames":[0]},{"flipbook_texture":"textures/blocks/bubble_column_up_top_a","atlas_index":0,"atlas_tile_variant":0,"atlas_tile":"bubble_column_up_top","frames":[0]},{"flipbook_texture":"textures/blocks/bubble_column_up_top_b","atlas_index":1,"atlas_tile_variant":1,"atlas_tile":"bubble_column_up_top","frames":[0]},{"flipbook_texture":"textures/blocks/bubble_column_up_top_c","atlas_index":2,"atlas_tile_variant":2,"atlas_tile":"bubble_column_up_top","frames":[0]},{"flipbook_texture":"textures/blocks/bubble_column_up_top_d","atlas_index":3,"atlas_tile_variant":3,"atlas_tile":"bubble_column_up_top","frames":[0]},{"flipbook_texture":"textures/blocks/bubble_column_down_top_a","atlas_index":0,"atlas_tile_variant":0,"atlas_tile":"bubble_column_down_top","frames":[0]},{"flipbook_texture":"textures/blocks/bubble_column_down_top_b","atlas_index":1,"atlas_tile_variant":1,"atlas_tile":"bubble_column_down_top","frames":[0]},{"flipbook_texture":"textures/blocks/bubble_column_down_top_c","atlas_index":2,"atlas_tile_variant":2,"atlas_tile":"bubble_column_down_top","frames":[0]},{"flipbook_texture":"textures/blocks/bubble_column_down_top_d","atlas_index":3,"atlas_tile_variant":3,"atlas_tile":"bubble_column_down_top","frames":[0]},{"flipbook_texture":"textures/blocks/bubble_column_inner_a","atlas_index":0,"atlas_tile_variant":0,"atlas_tile":"bubble_column_mid","frames":[0]},{"flipbook_texture":"textures/blocks/bubble_column_inner_b","atlas_index":1,"atlas_tile_variant":1,"atlas_tile":"bubble_column_mid","frames":[0]},{"flipbook_texture":"textures/blocks/kelp_a","atlas_tile":"kelp_a","frames":[0]},{"flipbook_texture":"textures/blocks/kelp_b","atlas_tile":"kelp_b","frames":[0]},{"flipbook_texture":"textures/blocks/kelp_c","atlas_tile":"kelp_c","frames":[0]},{"flipbook_texture":"textures/blocks/kelp_d","atlas_tile":"kelp_d","frames":[0]},{"flipbook_texture":"textures/blocks/kelp_top","atlas_tile":"kelp_top","frames":[0]},{"flipbook_texture":"textures/blocks/kelp_top_bulb","atlas_tile":"kelp_top_bulb","frames":[0]},{"flipbook_texture":"textures/blocks/prismarine_rough","atlas_tile":"prismarine","frames":[0]},{"flipbook_texture":"textures/blocks/portal","atlas_tile":"portal","frames":[0]},{"flipbook_texture":"textures/blocks/sea_lantern","atlas_tile":"sea_lantern","frames":[0]},{"flipbook_texture":"textures/blocks/command_block_front","atlas_tile":"command_block_front","frames":[0]},{"flipbook_texture":"textures/blocks/command_block_back","atlas_tile":"command_block_back","frames":[0]},{"flipbook_texture":"textures/blocks/command_block_side","atlas_tile":"command_block_side","frames":[0]},{"flipbook_texture":"textures/blocks/command_block_conditional","atlas_tile":"command_block_conditional_side","frames":[0]},{"flipbook_texture":"textures/blocks/repeating_command_block_front","atlas_tile":"command_block_repeating_front","frames":[0]},{"flipbook_texture":"textures/blocks/repeating_command_block_back","atlas_tile":"command_block_repeating_back","frames":[0]},{"flipbook_texture":"textures/blocks/repeating_command_block_side","atlas_tile":"command_block_repeating_side","frames":[0]},{"flipbook_texture":"textures/blocks/repeating_command_block_conditional","atlas_tile":"command_block_repeating_conditional_side","frames":[0]},{"flipbook_texture":"textures/blocks/chain_command_block_front","atlas_tile":"command_block_chain_front","frames":[0]},{"flipbook_texture":"textures/blocks/chain_command_block_back","atlas_tile":"command_block_chain_back","frames":[0]},{"flipbook_texture":"textures/blocks/chain_command_block_side","atlas_tile":"command_block_chain_side","frames":[0]},{"flipbook_texture":"textures/blocks/seagrass","atlas_tile":"seagrass_short","frames":[0]},{"flipbook_texture":"textures/blocks/seagrass_doubletall_bottom_a","atlas_tile":"seagrass_tall_bot_a","frames":[0]},{"flipbook_texture":"textures/blocks/seagrass_doubletall_bottom_b","atlas_tile":"seagrass_tall_bot_b","frames":[0]},{"flipbook_texture":"textures/blocks/seagrass_doubletall_top_a","atlas_tile":"seagrass_tall_top_a","frames":[0]},{"flipbook_texture":"textures/blocks/seagrass_doubletall_top_b","atlas_tile":"seagrass_tall_top_b","frames":[0]},{"flipbook_texture":"textures/blocks/chain_command_block_conditional","atlas_tile":"command_block_chain_conditional_side","frames":[0]},{"flipbook_texture":"textures/blocks/blast_furnace_front_on","atlas_tile":"blast_furnace_front_on","frames":[0]},{"flipbook_texture":"textures/blocks/smoker_front_on","atlas_tile":"smoker_front_on","frames":[0]},{"flipbook_texture":"textures/blocks/campfire","atlas_tile":"campfire_fire","frames":[0]},{"flipbook_texture":"textures/blocks/lantern","atlas_tile":"lantern","frames":[0]},{"flipbook_texture":"textures/blocks/stonecutter2_saw","atlas_tile":"stonecutter2_saw","frames":[0]},{"flipbook_texture":"textures/blocks/campfire_log_lit","atlas_tile":"campfire_log_lit","frames":[0]},{"flipbook_texture":"textures/blocks/huge_fungus/crimson_log_side","atlas_tile":"crimson_log_side","frames":[0]},{"flipbook_texture":"textures/blocks/huge_fungus/warped_stem_side","atlas_tile":"warped_stem_side","frames":[0]},{"flipbook_texture":"textures/blocks/soul_fire_0","atlas_tile":"soul_fire_0","frames":[0]},{"flipbook_texture":"textures/blocks/soul_fire_1","atlas_tile":"soul_fire_1","frames":[0]},{"flipbook_texture":"textures/blocks/respawn_anchor_top","atlas_tile":"respawn_anchor_top","frames":[0]},{"flipbook_texture":"textures/blocks/respawn_anchor_top","atlas_tile":"respawn_anchor_top","frames":[0]},{"flipbook_texture":"textures/blocks/respawn_anchor_top","atlas_tile":"respawn_anchor_top","frames":[0]},{"flipbook_texture":"textures/blocks/respawn_anchor_top","atlas_tile":"respawn_anchor_top","frames":[0]},{"flipbook_texture":"textures/blocks/respawn_anchor_top_off","atlas_tile":"respawn_anchor_top","frames":[0]},{"flipbook_texture":"textures/blocks/soul_campfire","atlas_tile":"soul_campfire_fire","frames":[0]},{"flipbook_texture":"textures/blocks/soul_campfire_log_lit","atlas_tile":"soul_campfire_log_lit","frames":[0]},{"flipbook_texture":"textures/blocks/sculk_sensor_tendril_active","atlas_tile":"sculk_sensor_tendril_active","frames":[0]},{"flipbook_texture":"textures/blocks/sculk_sensor_tendril_inactive","atlas_tile":"sculk_sensor_tendril_inactive","frames":[0]},{"flipbook_texture":"textures/blocks/sculk","atlas_tile":"sculk","frames":[0]},{"flipbook_texture":"textures/blocks/sculk_vein","atlas_tile":"sculk_vein","frames":[0]},{"flipbook_texture":"textures/blocks/sculk_catalyst_side_bloom","atlas_index":1,"atlas_tile":"sculk_catalyst_side","atlas_tile_variant":1,"frames":[0]},{"flipbook_texture":"textures/blocks/sculk_catalyst_top_bloom","atlas_index":1,"atlas_tile":"sculk_catalyst_top","atlas_tile_variant":1,"frames":[0]},{"flipbook_texture":"textures/blocks/sculk_shrieker_inner_top","atlas_tile":"sculk_shrieker_inner_top","atlas_index":0,"atlas_tile_variant":0,"frames":[0]},{"flipbook_texture":"textures/blocks/sculk_shrieker_can_summon_inner_top","atlas_tile":"sculk_shrieker_inner_top","atlas_index":1,"atlas_tile_variant":1,"frames":[0]}]