{"mycelium":{"textures":{"down":"mycelium_bottom","side":"mycelium_top","up":"mycelium_top"},"isotropic":{"down":true,"up":true},"sound":"grass"},"format_version":"1.1.0","crimson_nylium":{"textures":{"west":"crimson_nylium_top","east":"crimson_nylium_top","up":"crimson_nylium_top","south":"crimson_nylium_top","down":"netherrack","north":"crimson_nylium_top"},"isotropic":{"down":true,"up":true},"sound":"nylium"},"grass":{"textures":{"down":"grass_bottom","side":"grass_side_bt","up":"grass_top"},"isotropic":{"down":true,"up":true},"sound":"grass","carried_textures":{"down":"grass_carried_bottom","side":"grass_carried_top","up":"grass_carried_top"}},"podzol":{"textures":{"down":"dirt_podzol_bottom","side":"dirt_podzol_top","up":"dirt_podzol_top"},"isotropic":{"down":true,"up":true},"sound":"gravel"},"warped_nylium":{"textures":{"west":"warped_nylium_top","east":"warped_nylium_top","up":"warped_nylium_top","south":"warped_nylium_top","down":"netherrack","north":"warped_nylium_top"},"isotropic":{"down":true,"up":true},"sound":"nylium"},"grass_path":{"textures":{"down":"dirt","side":"grass_path_top","up":"grass_path_top"},"isotropic":{"down":true,"up":true},"sound":"grass"}}